[
  {"href": "nav.php", "text": "🏠 Home"},
  {"href": "http://localhost:8081/classic", "text": "🧪 Classic SQLi"},
  {"href": "http://localhost:8081/union", "text": "📊 Union SQLi"},
  {"href": "http://localhost:8081/stacked", "text": "🧱 Stacked SQLi"},
  {"href": "http://localhost:8081/time", "text": "⏱ Time SQLi"},
  {"href": "http://localhost:8081/blind", "text": "🙈 Blind SQLi"},
  {"href": "http://localhost:8081/leak", "text": "🔓 Leak"},
  {"href": "http://localhost:8081/auth", "text": "🔐 Auth"},
  {"href": "http://localhost:8081/admin", "text": "👑 Admin"},
  {"href": "http://localhost:8081/moderate", "text": "🧹 Moderate"},
  {"href": "http://localhost:8081/feedback", "text": "🗣️ Feedback"},
  {"href": "http://localhost:8081/scoreboard", "text": "🏆 Scoreboard"},
  {"href": "http://localhost:8081/submit_flag", "text": "🚩 Submit Flag"},
  {"href": "http://localhost:8081/campaign", "text": "🎯 Campaign"},
  {"href": "http://localhost:8081/logs", "text": "📜 Logs"},
  {"href": "http://localhost:8081/reviewlog", "text":"📋 Review Log"},
  {"href": "http://localhost:8082/reflected", "text": "💉 Reflected XSS"},
  {"href": "http://localhost:8082/stored", "text": "🗃 Stored XSS"},
  {"href": "http://localhost:8082/dom", "text": "🧠 DOM XSS"},
  {"href": "http://localhost:8081", "text": "🧪 SQLi Playground"},
  {"href": "http://localhost:8083", "text": "🐚 LFI Playground"}
]
